{"entities":{"pages":{"empty-md-topic":{"id":"empty-md-topic","title":"Guide d\u0027utilisation de l\u0027application J10","url":"empty-md-topic.html","level":0,"pages":["entreprise","clients","debiteurs","relances","recouvrements"],"tabIndex":0},"entreprise":{"id":"entreprise","title":"Entreprise","url":"entreprise.html","level":1,"parentId":"empty-md-topic","tabIndex":0},"clients":{"id":"clients","title":"Gestion des dossiers clients","url":"clients.html","level":1,"parentId":"empty-md-topic","tabIndex":1},"debiteurs":{"id":"debiteurs","title":"debiteurs /creancier","url":"debiteurs.html","level":1,"parentId":"empty-md-topic","tabIndex":2},"relances":{"id":"relances","title":"relances","url":"relances.html","level":1,"parentId":"empty-md-topic","tabIndex":3},"recouvrements":{"id":"recouvrements","title":"Utilisateur","url":"recouvrements.html","level":1,"parentId":"empty-md-topic","tabIndex":4}}},"topLevelIds":["empty-md-topic"]}